"alpha","beta","delta","eta","gamma","error"
0.398,0.883,0.594,0.613,0.629,0.116561065002134
0.117,0.398,0.84,0.957,0.719,0.00499237815828479
0.16,0.594,0.117,0.559,0.961,1.90691444922269
0.406,0.16,0.398,0.633,0.73,1.49237915461506
0.367,0.559,0.613,0.406,0.93,0.567935607795789
0.441,0.367,0.957,0.16,0.863,0.0187590458925833
0.043,0.613,0.441,0.117,0.516,8.27589318230574
0.387,0.043,0.367,0.398,0.926,1.67384836140904
0.074,0.516,0.93,0.629,0.387,4.62976881071185
0.484,0.074,0.863,0.719,0.043,5.01659756902473
0.137,0.93,0.484,0.961,0.441,2.21527850749272
0.07,0.137,0.074,0.73,0.367,8.53784891429814
0.27,0.961,0.629,0.07,0.406,5.84840506945031
0.039,0.27,0.719,0.137,0.16,11.3167933313963
0.281,0.629,0.039,0.484,0.117,9.12618082906939
0.371,0.281,0.27,0.074,0.398,8.20521247478465
0.277,0.527,0.797,0.785,0.898,2.26530903033165
0.473,0.277,0.801,0.609,0.531,0.994368621067402
0.199,0.797,0.473,0.504,0.812,1.3278093954199
0.203,0.199,0.277,0.668,0.746,3.31877203792804
0.332,0.504,0.785,0.203,0.793,1.66255249272899
0.496,0.332,0.609,0.199,0.906,0.321344691434856
0.391,0.785,0.496,0.473,0.52,2.38343295116448
0.215,0.391,0.332,0.277,0.742,4.77196719298177
0.258,0.52,0.793,0.898,0.215,3.49667312582126
0.48,0.258,0.906,0.531,0.391,2.30898025507564
0.094,0.793,0.48,0.812,0.496,3.35014486646419
0.207,0.094,0.258,0.746,0.332,6.95487867055279
0.254,0.812,0.898,0.207,0.203,6.4355547566684
0.188,0.254,0.531,0.094,0.199,10.6278335147829
0.469,0.898,0.188,0.48,0.473,2.92724937313898
0.102,0.469,0.254,0.258,0.277,10.2058189152828
0.461,0.672,0.836,0.535,0.641,0.681082219310451
0.328,0.461,0.75,0.684,0.852,1.36412493010322
0.25,0.836,0.328,0.605,0.871,0.192957694009042
0.164,0.25,0.461,0.695,0.777,2.39581793252847
0.305,0.605,0.535,0.164,0.984,1.06401276713973
0.395,0.305,0.684,0.25,0.867,1.07814605658928
0.316,0.535,0.395,0.328,0.781,2.58506414531332
0.465,0.316,0.305,0.461,0.816,1.09978780976846
0.184,0.781,0.984,0.641,0.465,1.93649311026416
0.219,0.184,0.867,0.852,0.316,3.83081841545052
0.133,0.984,0.219,0.871,0.395,4.04422401030962
0.016,0.133,0.184,0.777,0.305,8.9097037253781
0.223,0.871,0.641,0.016,0.164,8.98222980757388
0.129,0.223,0.852,0.133,0.25,9.33867362068654
0.148,0.641,0.129,0.219,0.328,9.55798275496475
0.359,0.148,0.223,0.184,0.461,7.64609809811108
0.062,0.762,0.645,0.738,1,1.05728245683736
0.238,0.062,0.988,0.566,0.973,0.787115099395461
0.012,0.645,0.238,0.977,0.941,0.407975997663126
0.355,0.012,0.062,0.77,0.879,1.48021947621601
0.23,0.977,0.738,0.355,0.754,0.942818445577124
0.023,0.23,0.566,0.012,0.734,7.65155211900566
0.434,0.738,0.023,0.238,0.766,3.0352888169406
0.262,0.434,0.23,0.062,0.699,6.25042010180729
0.301,0.766,0.754,1,0.262,1.57104995615943
0.234,0.301,0.734,0.973,0.434,2.10910635113341
0.266,0.754,0.234,0.941,0.023,6.39900590195861
0.246,0.266,0.301,0.879,0.23,6.13247478871772
0.121,0.941,1,0.246,0.355,5.2846343665615
0.059,0.121,0.973,0.266,0.012,11.1836713803072
0.027,1,0.059,0.234,0.238,10.6612182702105
0,0.027,0.121,0.301,0.062,14.5372486990344
0.086,0.637,0.703,0.758,0.523,3.06996039662582
0.363,0.086,0.805,0.82,0.922,2.28452882827099
0.195,0.703,0.363,0.828,0.859,0.260729639802314
0.297,0.195,0.086,0.895,0.648,2.78943868275709
0.105,0.828,0.758,0.297,0.555,4.53974509592394
0.172,0.105,0.82,0.195,0.652,5.38320293722947
0.18,0.758,0.172,0.363,0.992,1.92110277026459
0.242,0.18,0.105,0.086,0.848,6.10291028741822
0.152,0.992,0.555,0.523,0.242,5.97975078801636
0.008,0.152,0.652,0.922,0.18,7.45833164932157
0.348,0.555,0.008,0.859,0.172,6.17968079453937
0.445,0.348,0.152,0.648,0.105,7.15563716311273
0.352,0.859,0.523,0.445,0.297,4.61841266543889
0.141,0.352,0.922,0.348,0.195,7.87328377492093
0.078,0.523,0.141,0.008,0.363,11.3624922071375
0.477,0.078,0.352,0.152,0.086,9.88353586610872
0.453,0.59,0.508,0.711,0.707,0.760125811707251
0.41,0.453,0.902,0.617,0.578,0.224070611824725
0.098,0.508,0.41,0.945,0.57,2.91642116236692
0.492,0.098,0.453,0.625,0.969,1.44526155302573
0.375,0.945,0.711,0.492,0.832,1.66918759451029
0.055,0.375,0.617,0.098,0.582,7.66119913196173
0.383,0.711,0.055,0.41,0.691,3.13490242449786
0.289,0.383,0.375,0.453,0.715,3.19648620816868
0.285,0.691,0.832,0.707,0.289,3.06968470855374
0.309,0.285,0.582,0.578,0.383,4.79793448700335
0.418,0.832,0.309,0.57,0.055,6.38804106041976
0.168,0.418,0.285,0.969,0.375,4.64086672678513
0.031,0.57,0.707,0.168,0.492,7.41825327802438
0.43,0.031,0.578,0.418,0.098,7.93427310874253
0.422,0.707,0.43,0.309,0.41,4.51423113018612
0.293,0.422,0.031,0.285,0.453,7.70734833642249
0.066,0.91,0.773,0.996,0.66,0.379325004369303
0.09,0.066,0.574,0.887,0.676,2.94473117176075
0.426,0.773,0.09,0.809,0.789,0.746402990690175
0.227,0.426,0.066,0.543,0.918,2.44007859079258
0.457,0.809,0.996,0.227,0.965,2.792449498684
0.191,0.457,0.887,0.426,0.824,1.10180524048461
0.113,0.996,0.191,0.09,0.727,5.78602792768034
0.004,0.113,0.457,0.066,0.656,8.95128909435289
0.344,0.727,0.965,0.66,0.004,4.80077799719644
0.273,0.344,0.824,0.676,0.113,5.93345640977281
0.176,0.965,0.273,0.789,0.191,5.83356356804534
0.035,0.176,0.344,0.918,0.457,5.82074659482115
0.082,0.789,0.66,0.035,0.227,9.71746994019493
0.211,0.082,0.676,0.176,0.426,7.80502212915733
0.324,0.66,0.211,0.273,0.09,9.46791697892293
0.34,0.324,0.082,0.344,0.066,10.5376391335261
0.145,0.562,0.664,0.98,0.875,1.58882284648958
0.438,0.145,0.512,0.551,0.844,0.251493533539378
0.488,0.664,0.438,0.598,0.891,2.03200142839679
0.336,0.488,0.145,0.621,0.949,0.26145898485326
0.379,0.598,0.98,0.336,0.688,0.433257709510858
0.402,0.379,0.551,0.488,0.953,0.838736374477598
0.449,0.98,0.402,0.438,0.586,1.28835416607126
0.02,0.449,0.379,0.145,0.68,7.51189952969467
0.32,0.586,0.688,0.875,0.02,5.06285366697316
0.414,0.32,0.953,0.844,0.449,0.22077010767353
0.047,0.688,0.414,0.891,0.402,4.70696963893811
0.312,0.047,0.32,0.949,0.379,4.30704097336123
0.051,0.891,0.875,0.312,0.336,6.31430713799568
0.109,0.051,0.844,0.047,0.488,8.35040818953523
0.156,0.875,0.109,0.414,0.438,6.79793579855191
0.125,0.156,0.051,0.32,0.145,12.4637586039301
0.5,0.5,0.5,0.5,0.5,2.19340502752226
0.602,0.117,0.406,0.387,0.371,4.50337112004666
0.883,0.602,0.16,0.043,0.281,4.39180243320281
0.84,0.406,0.883,0.441,0.039,2.47989560582184
0.594,0.84,0.602,0.367,0.27,2.89443090042947
0.633,0.441,0.387,0.594,0.07,4.95474566284032
0.559,0.633,0.043,0.84,0.137,4.36805100915194
0.957,0.387,0.559,0.883,0.484,3.88908312726121
0.613,0.957,0.633,0.602,0.074,2.71296169363549
0.926,0.484,0.07,0.371,0.613,0.242958755667321
0.516,0.926,0.137,0.281,0.957,0.629787513980197
0.863,0.07,0.516,0.039,0.559,2.17153154755181
0.93,0.863,0.926,0.27,0.633,4.15103885925361
0.73,0.039,0.371,0.93,0.594,1.46159501440578
0.961,0.73,0.281,0.863,0.84,6.92998327635177
0.719,0.371,0.961,0.516,0.883,4.73937077402486
0.629,0.719,0.73,0.926,0.602,3.81840241974012
0.723,0.473,0.203,0.215,0.102,6.65211908537618
0.527,0.723,0.199,0.391,0.469,3.39244143397713
0.801,0.203,0.527,0.496,0.188,3.05900065962463
0.797,0.801,0.723,0.332,0.254,1.06803801711649
0.668,0.496,0.215,0.797,0.207,2.72425756231553
0.504,0.668,0.391,0.801,0.094,4.06546536360967
0.609,0.215,0.504,0.527,0.48,2.00337710388005
0.785,0.609,0.668,0.723,0.258,0.385157137937238
0.742,0.48,0.207,0.102,0.785,0.890136929223267
0.52,0.742,0.094,0.469,0.609,2.07782979996889
0.906,0.207,0.52,0.188,0.504,1.03666518858033
0.793,0.906,0.742,0.254,0.668,2.56806861550827
0.746,0.188,0.102,0.793,0.797,2.04874470162387
0.812,0.746,0.469,0.906,0.801,6.2410234597384
0.531,0.102,0.812,0.52,0.527,1.45956068190555
0.898,0.531,0.746,0.742,0.723,5.81900886023831
0.539,0.328,0.164,0.465,0.359,5.06789227435498
0.672,0.539,0.25,0.316,0.148,5.75093498514774
0.75,0.164,0.672,0.395,0.129,4.19385236103549
0.836,0.75,0.539,0.305,0.223,1.99099212251606
0.695,0.395,0.465,0.836,0.016,3.3227972879048
0.605,0.695,0.316,0.75,0.133,3.30866399845525
0.684,0.465,0.605,0.672,0.219,1.8017459097312
0.535,0.684,0.695,0.539,0.184,3.28702224527607
0.816,0.219,0.016,0.359,0.535,2.45031694478036
0.781,0.816,0.133,0.148,0.684,0.555991639594012
0.867,0.016,0.781,0.129,0.605,0.342586044734905
0.984,0.867,0.816,0.223,0.695,4.52289367033357
0.777,0.129,0.359,0.984,0.836,4.59541975252936
0.871,0.777,0.148,0.867,0.75,4.95186356564201
0.852,0.359,0.871,0.781,0.672,5.17117269992023
0.641,0.852,0.777,0.816,0.539,3.25928804306656
0.938,0.238,0.355,0.262,0,5.44409251188189
0.762,0.938,0.012,0.434,0.027,5.17392515443999
0.988,0.355,0.762,0.023,0.059,3.9788340573814
0.645,0.988,0.938,0.23,0.121,2.90659057882852
0.77,0.023,0.262,0.645,0.246,3.4439916094674
0.977,0.77,0.434,0.988,0.266,3.26474206396113
0.566,0.262,0.977,0.762,0.234,1.35152123810393
0.738,0.566,0.77,0.938,0.301,1.86361004676276
0.699,0.234,0.246,0,0.738,2.81576009888509
0.766,0.699,0.266,0.027,0.566,2.27770370391111
0.734,0.246,0.766,0.059,0.977,2.01219584691408
0.754,0.734,0.699,0.121,0.77,1.74566473367319
0.879,0.059,0,0.754,0.645,0.897824311516967
0.941,0.879,0.027,0.734,0.988,6.79686132526267
0.973,0,0.941,0.766,0.762,6.274408215166
1,0.973,0.879,0.699,0.938,10.1504386439898
0.914,0.363,0.297,0.242,0.477,1.3168496584187
0.637,0.914,0.195,0.18,0.078,6.67133888331552
0.805,0.297,0.637,0.172,0.141,4.64753969484684
0.703,0.805,0.914,0.105,0.352,1.59737137228744
0.895,0.172,0.242,0.703,0.445,0.152935040879409
0.828,0.895,0.18,0.805,0.348,0.996392882184939
0.82,0.242,0.828,0.637,0.008,2.46570728477994
0.758,0.82,0.895,0.914,0.152,1.71610023237369
0.848,0.008,0.445,0.477,0.758,1.59294073297183
0.992,0.848,0.348,0.078,0.82,3.07152159427704
0.652,0.445,0.992,0.141,0.828,1.79287073949484
0.555,0.652,0.848,0.352,0.895,2.7688271080682
0.648,0.141,0.477,0.555,0.703,0.231602610394358
0.859,0.648,0.078,0.652,0.805,3.4864737198764
0.922,0.477,0.859,0.992,0.637,6.97568215209299
0.523,0.922,0.648,0.848,0.914,5.4967258110642
0.547,0.41,0.492,0.289,0.293,5.14693586675178
0.59,0.547,0.098,0.383,0.422,4.1627394432198
0.902,0.492,0.59,0.055,0.43,1.47038889267761
0.508,0.902,0.547,0.375,0.031,5.83207160807026
0.625,0.055,0.289,0.508,0.168,6.05599764955482
0.945,0.625,0.383,0.902,0.418,3.2743890769172
0.617,0.289,0.945,0.59,0.309,1.25190763054667
0.711,0.617,0.625,0.547,0.285,1.19032384687585
0.715,0.309,0.168,0.293,0.711,1.31712534649079
0.691,0.715,0.418,0.422,0.617,0.411124431958815
0.582,0.168,0.691,0.43,0.945,2.00123100537522
0.832,0.582,0.715,0.031,0.625,0.254056671740603
0.969,0.43,0.293,0.832,0.508,3.03144322297985
0.57,0.969,0.422,0.582,0.902,3.547463053698
0.578,0.293,0.57,0.691,0.59,0.127421075141591
0.707,0.578,0.969,0.715,0.547,3.32053828137796
0.934,0.09,0.227,0.004,0.34,4.76613505941383
0.91,0.934,0.426,0.113,0.324,1.44207888328377
0.574,0.227,0.91,0.191,0.211,5.1332130457347
0.773,0.574,0.934,0.457,0.082,1.94673146425195
0.543,0.191,0.004,0.773,0.035,7.17925955372853
0.809,0.543,0.113,0.574,0.176,3.28500481455992
0.887,0.004,0.809,0.91,0.273,1.39921787263581
0.996,0.887,0.543,0.934,0.344,4.56447903930836
0.656,0.273,0.035,0.34,0.996,0.413967942151917
0.727,0.656,0.176,0.324,0.887,1.54664635472828
0.824,0.035,0.727,0.211,0.809,1.44675351300081
0.965,0.824,0.656,0.082,0.543,1.43393653977662
0.918,0.211,0.34,0.965,0.773,5.3306598851504
0.789,0.918,0.324,0.824,0.574,3.4182120741128
0.676,0.34,0.789,0.727,0.91,5.0811069238784
0.66,0.676,0.918,0.656,0.934,6.15082907848156
0.855,0.438,0.336,0.02,0.125,5.97563290153411
0.562,0.855,0.488,0.449,0.156,4.13531652150515
0.512,0.336,0.562,0.402,0.109,6.41881148344132
0.664,0.512,0.855,0.379,0.051,4.12535107019127
0.621,0.402,0.02,0.664,0.312,3.95355234553367
0.598,0.621,0.449,0.512,0.047,5.22554642952213
0.551,0.02,0.598,0.562,0.414,3.09845588897327
0.98,0.551,0.621,0.855,0.32,3.12508947465014
0.68,0.414,0.312,0.125,0.98,0.676043611928634
0.586,0.68,0.047,0.156,0.551,4.166039947371
0.953,0.312,0.586,0.109,0.598,0.320159583893577
0.688,0.953,0.68,0.051,0.621,0.0797690816832954
0.949,0.109,0.125,0.688,0.664,1.92749708295115
0.891,0.949,0.156,0.953,0.512,3.96359813449071
0.844,0.125,0.891,0.586,0.562,2.41112574350738
0.875,0.844,0.949,0.68,0.855,8.07694854888555
0.898,1,0.875,0.188,0.066,1.58339591880329
0.531,0.973,0.844,0.543,0.609,1.91630461566038
0.812,0.941,0.891,0.645,0.363,2.88168073729649
0.746,0.879,0.949,0.152,0.547,1.16704901220517
0.793,0.754,0.688,0.066,0.816,2.209505116496
0.906,0.734,0.953,0.723,0.457,4.70008543451272
0.52,0.766,0.586,0.672,0.586,0.811860639291044
0.742,0.699,0.68,0.484,0.07,2.79837500378951
0.785,0.738,0.98,0.176,0.383,0.102711125606856
0.609,0.566,0.551,0.957,0.75,4.06846439061849
0.504,0.977,0.598,0.902,0.285,0.119728116549318
0.668,0.77,0.621,0.492,0.988,4.8997171203434
0.797,0.645,0.664,0.371,0.938,4.7265513880678
0.801,0.988,0.512,0.715,0.18,0.217312837003799
0.527,0.762,0.562,0.738,0.973,4.67218986706748
0.723,0.938,0.855,0.105,0.504,0.10368344270503
0.371,0.641,0.66,0.156,0.367,5.55575583322889
0.281,0.852,0.676,0.773,0.785,1.63355810950848
0.039,0.871,0.789,0.676,0.23,5.66497064347039
0.27,0.777,0.918,0.465,0.434,2.722673684205
0.07,0.984,0.965,0.375,0.742,1.49478314009116
0.137,0.867,0.824,0.766,0.117,5.17156793965509
0.484,0.781,0.727,0.688,0.738,2.53736460028116
0.074,0.816,0.656,0.477,0.387,5.7252611125065
0.387,0.535,0.996,0.07,0.488,3.82619608999987
0.043,0.684,0.887,0.758,0.902,0.814104130653966
0.441,0.605,0.809,0.719,0.242,2.34894634552815
0.367,0.695,0.543,0.473,0.805,0.0755988948052071
0.406,0.836,0.773,0.488,0.977,3.17983050578129
0.16,0.75,0.574,0.898,0.207,4.65031740718901
0.117,0.672,0.91,0.711,0.664,0.902253182513522
0.398,0.539,0.934,0.211,0.473,3.27376411835298
1,0.102,0.707,0.332,0.398,0.0957044459017951
0.973,0.469,0.578,0.906,0.582,5.35203831071139
0.941,0.188,0.57,0.578,0.316,0.0434699607865454
0.879,0.254,0.969,0.43,0.598,2.79943703434637
0.754,0.207,0.832,0.418,0.73,2.16141238353932
0.734,0.094,0.582,0.574,0.176,3.40870656579046
0.766,0.48,0.691,0.754,0.539,2.68319184103929
0.699,0.258,0.715,0.469,0.305,2.20536564411037
0.738,0.215,0.711,0.164,0.199,4.71161798492454
0.566,0.391,0.617,0.977,0.711,3.21555832787617
0.977,0.496,0.945,0.91,0.281,4.13697234982832
0.77,0.332,0.625,0.258,0.922,2.68494432282625
0.645,0.203,0.508,0.195,0.953,0.686309639036374
0.988,0.199,0.902,0.801,0.129,1.25169726183389
0.762,0.473,0.59,0.859,0.84,5.58844565892105
0.938,0.277,0.547,0.207,0.238,2.76484597017253
0.359,0.371,0.523,0.008,0.379,7.66364942479311
0.148,0.281,0.922,0.602,0.652,2.38356712651602
0.129,0.039,0.859,0.887,0.09,6.91731593849652
0.223,0.27,0.648,0.16,0.844,3.58247701911894
0.016,0.07,0.555,0.406,0.926,4.17319005375015
0.133,0.137,0.652,0.734,0.273,6.61660466825191
0.219,0.484,0.992,0.797,0.832,1.83441565794626
0.184,0.074,0.848,0.035,0.121,11.0049644323652
0.465,0.387,0.758,0.25,0.035,7.50990291991115
0.316,0.043,0.82,0.727,0.996,1.93805591755614
0.395,0.441,0.828,0.707,0.145,4.08859253072422
0.305,0.367,0.895,0.191,0.957,0.440794939171269
0.164,0.406,0.703,0.027,0.723,5.40055366147196
0.25,0.16,0.805,0.988,0.312,3.10409181275512
0.328,0.117,0.637,0.922,0.672,0.264955566658148
0.461,0.398,0.914,0.082,0.223,6.18590346020991
0.707,0.875,0,0.148,0.211,5.86276855513284
0.578,0.844,0.027,0.637,0.766,0.864531679676912
0.57,0.891,0.059,0.855,0.051,4.20007341890088
0.969,0.949,0.121,0.359,0.836,4.04883259987186
0.832,0.688,0.246,0.184,0.852,1.71528934036272
0.582,0.953,0.266,0.762,0.344,1.01287082176265
0.691,0.586,0.234,0.914,0.887,4.65697600755212
0.715,0.68,0.301,0.172,0.324,4.01820058875063
0.711,0.98,0.262,0.344,0.137,4.09053648049548
0.617,0.551,0.434,0.52,0.578,0.429108071229027
0.945,0.598,0.023,0.863,0.426,1.68612040633121
0.625,0.621,0.23,0.02,0.914,0.769195333080486
0.508,0.664,0.355,0.055,0.648,3.445490040069
0.902,0.512,0.012,0.539,0.551,0.290340731594572
0.59,0.562,0.238,0.695,0.848,2.08145732039869
0.547,0.855,0.062,0.129,0.02,8.96518181360136
0.477,0.66,0.359,0.047,0.375,6.24764762782198
0.078,0.676,0.148,0.434,0.66,5.75988290930942
0.141,0.789,0.129,0.449,0.32,7.96234352631371
0.352,0.918,0.223,0.32,0.875,1.05929645845871
0.445,0.965,0.016,0.297,0.891,0.866738269758972
0.348,0.824,0.133,0.699,0.484,3.05962885373866
0.008,0.727,0.219,0.504,0.445,7.53110575612972
0.152,0.656,0.184,0.016,0.332,10.408222421855
0.242,0.996,0.465,0.352,0.438,4.70643889732347
0.18,0.887,0.316,0.77,0.691,1.41179216169524
0.172,0.809,0.395,0.652,0.016,8.21510412342621
0.105,0.543,0.305,0.168,0.508,8.20332195670176
0.297,0.773,0.164,0.402,0.57,4.4715344011714
0.195,0.574,0.25,0.664,0.188,7.56556472931458
0.363,0.91,0.328,0.949,0.734,1.7631962990626
0.086,0.934,0.461,0.379,0.219,8.12636498253986
0.875,0.293,0.102,0.445,0.172,4.19711715675853
0.844,0.422,0.469,0.82,1,6.95708435835787
0.891,0.43,0.188,0.941,0.477,2.28112794500582
0.949,0.031,0.254,0.117,0.773,0.101625026009604
0.688,0.168,0.207,0.133,0.559,4.10192982325105
0.953,0.418,0.094,0.996,0.293,1.09390710235681
0.586,0.309,0.48,0.547,0.918,2.05320625193429
0.68,0.285,0.258,0.219,0.059,7.71082540697407
0.98,0.289,0.215,0.223,0.48,1.31892948247637
0.551,0.383,0.391,0.969,0.754,2.54863456431103
0.598,0.055,0.496,0.684,0.094,5.17210463027139
0.621,0.375,0.332,0.254,0.797,0.803558608178864
0.664,0.492,0.203,0.383,0.898,1.07627264176297
0.512,0.098,0.199,0.691,0.031,7.48303195120932
0.562,0.41,0.473,0.961,0.699,2.48515640875927
0.855,0.453,0.277,0.27,0.359,2.58779619423752
0.34,0.477,0.371,0.438,0.41,5.35669968267244
0.324,0.078,0.281,0.613,0.945,1.05579367231352
0.211,0.141,0.039,0.785,0.297,7.71254542291293
0.082,0.352,0.27,0.34,0.469,8.42529549213371
0.035,0.445,0.07,0.367,0.465,9.23082151894285
0.176,0.348,0.137,0.926,0.254,6.66828753825328
0.273,0.008,0.484,0.586,0.809,2.32871086359266
0.344,0.152,0.074,0.395,0.395,7.71595303290193
0.004,0.242,0.387,0,0.141,13.9270896480049
0.113,0.18,0.043,0.559,0.867,4.59305760144335
0.191,0.172,0.441,0.59,0.008,10.039094889952
0.457,0.105,0.367,0.391,0.895,1.19849569310767
0.227,0.297,0.406,0.121,0.961,3.5500333835247
0.426,0.195,0.16,0.891,0.355,4.03817204921574
0.09,0.363,0.117,0.875,0.594,4.67839427213474
0.066,0.086,0.398,0.062,0.371,11.305717661004
0.5,0.5,0.5,0.5,0.5,2.19340502752226
0.102,0,0.125,0.812,0.934,2.80341413624124
0.469,0.027,0.156,0.457,0.391,6.30311467070491
0.188,0.059,0.109,0.355,0.637,7.26849079234102
0.254,0.121,0.051,0.848,0.453,5.55385906724969
0.207,0.246,0.312,0.934,0.184,6.59631517154053
0.094,0.266,0.047,0.277,0.543,9.08689548955725
0.48,0.234,0.414,0.328,0.414,5.19867069433558
0.258,0.301,0.32,0.516,0.93,1.58843505125502
0.215,0.262,0.02,0.824,0.617,4.28409892943767
0.391,0.434,0.449,0.043,0.25,8.45527444566302
0.496,0.023,0.402,0.098,0.715,4.26708193849521
0.332,0.23,0.379,0.508,0.012,9.28652717538793
0.203,0.355,0.336,0.629,0.062,9.11336144311232
0.199,0.012,0.488,0.285,0.82,4.60412289204833
0.473,0.238,0.438,0.262,0.027,9.058999922112
0.277,0.062,0.145,0.895,0.496,4.49049349774956
0.629,0.359,0.34,0.844,0.633,1.16894577818436
0.719,0.148,0.324,0.227,0.215,6.02036816455301
0.961,0.129,0.211,0.324,0.77,1.27816058842586
0.73,0.223,0.082,0.535,0.566,1.66413637083953
0.93,0.016,0.035,0.625,0.258,2.89202691495337
0.863,0.133,0.176,0.234,0.883,0.78475788461056
0.516,0.219,0.273,0.312,0.262,6.92417465532569
0.926,0.184,0.344,0.523,0.613,1.33845105746197
0.613,0.465,0.004,0.93,0.512,0.560613965044659
0.957,0.316,0.113,0.242,0.098,5.2009141856985
0.559,0.395,0.191,0.281,0.758,2.03786370951638
0.633,0.305,0.457,0.527,0.195,4.31121116023932
0.594,0.164,0.227,0.512,0.023,7.56664056082582
0.84,0.25,0.426,0.102,0.793,0.26350735214448
0.883,0.328,0.09,0.289,0.336,3.484556872531
0.602,0.461,0.066,0.789,0.527,1.11304593669155
0,0.898,0.293,0.668,0.602,4.48251450094632
0.027,0.531,0.422,0.094,0.418,9.73884836575592
0.059,0.812,0.43,0.422,0.684,4.34334009425799
0.121,0.746,0.031,0.57,0.402,7.1862470893909
0.246,0.793,0.168,0.582,0.27,6.54822243858385
0.266,0.906,0.418,0.426,0.824,0.978103489254067
0.234,0.52,0.309,0.246,0.461,7.07000189608382
0.301,0.742,0.285,0.531,0.695,2.18144441093416
0.262,0.785,0.289,0.836,0.801,0.324807929880009
0.434,0.609,0.383,0.023,0.289,7.6023683829207
0.023,0.504,0.055,0.09,0.719,8.52378240487285
0.23,0.668,0.375,0.742,0.078,7.07175437787077
0.355,0.797,0.492,0.805,0.047,5.0731196940809
0.012,0.801,0.098,0.199,0.871,5.63850731687842
0.238,0.527,0.41,0.141,0.16,9.97525571396558
0.062,0.723,0.453,0.793,0.762,1.621964084872
0.641,0.629,0.477,0.992,0.621,3.27683936974858
0.852,0.719,0.078,0.398,0.348,2.00324292852851
0.871,0.961,0.141,0.113,0.91,2.53050588345199
0.777,0.73,0.352,0.84,0.156,0.804333035925591
0.984,0.93,0.445,0.594,0.074,0.213620001294373
0.867,0.863,0.348,0.266,0.727,2.22979461320739
0.781,0.516,0.008,0.203,0.168,6.22122571299079
0.816,0.926,0.152,0.965,0.879,6.61815437732069
0.535,0.613,0.242,0.75,0.965,3.12309286486662
0.684,0.957,0.18,0.273,0.004,6.32486597260067
0.605,0.559,0.172,0.293,0.855,0.298217524320307
0.695,0.633,0.105,0.809,0.043,3.94601511587326
0.836,0.594,0.297,0.973,0.277,1.01374360642743
0.75,0.84,0.195,0.012,0.688,1.28271824228941
0.672,0.883,0.363,0.078,0.328,4.12185448838638
0.539,0.602,0.086,0.918,0.777,1.79909340516538
0.293,0.125,1,0.852,0.789,1.47595850008831
0.422,0.156,0.973,0.363,0.234,5.25134173472144
0.43,0.109,0.941,0.145,0.949,0.186736636143646
0.031,0.051,0.879,0.641,0.164,8.43564265491639
0.168,0.312,0.754,0.816,0.148,6.10209939540725
0.418,0.047,0.734,0.238,0.656,3.37393923328188
0.309,0.414,0.766,0.086,0.113,9.04378606259665
0.285,0.32,0.699,0.828,0.676,0.368609466293897
0.289,0.02,0.738,0.656,0.863,0.296273574549055
0.383,0.449,0.566,0.48,0.422,3.9577019838155
0.055,0.402,0.977,0.137,0.574,6.07293046137574
0.375,0.379,0.77,0.98,0.086,3.61761472196404
0.492,0.336,0.645,0.945,0.352,0.941320014975524
0.098,0.488,0.988,0.461,0.449,4.6771507866391
0.41,0.438,0.762,0.305,0.152,6.46826737544323
0.453,0.145,0.938,0.871,0.98,4.57837175855683
0.523,0.34,0.641,0.953,0.625,1.86083757277746
0.922,0.324,0.852,0.566,0.34,1.37307285426489
0.859,0.211,0.871,0.551,0.68,3.57553347126918
0.648,0.082,0.777,0.68,0.125,3.32751359658581
0.555,0.035,0.984,0.703,0.109,3.52007178528556
0.652,0.176,0.867,0.301,0.516,1.32718120130587
0.992,0.273,0.781,0.496,0.555,3.14429570108519
0.848,0.344,0.816,0.984,0.668,6.02141236681051
0.758,0.004,0.535,0.648,0.562,0.319628842278942
0.82,0.113,0.684,0.23,0.309,2.97501789334929
0.828,0.191,0.605,0.348,0.984,3.82829406838168
0.895,0.457,0.695,0.832,0.492,3.81651190165724
0.703,0.227,0.836,0.598,0.43,0.084724346126869
0.805,0.426,0.75,0.336,0.812,3.17875467427005
0.637,0.09,0.672,0.051,0.266,6.15000635410713
0.914,0.066,0.539,0.621,0.781,3.73955492749533
0.125,0.707,0.898,0.555,0.828,0.189692898285994
0.156,0.578,0.531,0.18,0,11.3438944134024
0.109,0.57,0.812,0.059,0.523,6.66793800005035
0.051,0.969,0.746,0.883,0.227,4.28518502903492
0.312,0.832,0.793,0.867,0.441,0.284880231793483
0.047,0.582,0.906,0.004,0.707,5.48071715740133
0.414,0.691,0.52,0.453,0.082,6.44001630697881
0.32,0.715,0.742,0.781,0.941,3.32401535192954
0.02,0.711,0.785,0.777,0.52,3.06788057256816
0.449,0.617,0.609,0.031,0.246,6.93544461935556
0.402,0.945,0.504,0.316,0.906,0.785294575226867
0.379,0.625,0.668,0.746,0.203,3.58325144686566
0.336,0.508,0.797,0.617,0.102,5.4630826968075
0.488,0.902,0.801,0.309,0.969,3.0962218961648
0.438,0.59,0.527,0.039,0.301,6.8719664638038
0.145,0.547,0.723,0.73,0.641,1.79901386080701
0.66,0.523,0.629,0.562,0.59,0.969889627627911
0.676,0.922,0.719,0.387,0.055,3.33101638273101
0.789,0.859,0.961,0.215,0.703,3.3257353678684
0.918,0.648,0.73,0.66,0.531,4.03848543708918
0.965,0.555,0.93,0.633,0.535,4.84401146389833
0.824,0.652,0.863,0.074,0.746,2.28147748320875
0.727,0.992,0.516,0.414,0.191,2.05809919145186
0.656,0.848,0.926,0.605,0.605,3.3291429778574
0.996,0.758,0.613,1,0.859,9.54027959296037
0.887,0.82,0.957,0.441,0.133,0.206247546398824
0.809,0.828,0.559,0.41,0.992,5.65228483490746
0.543,0.895,0.633,0.609,0.105,3.18831436193686
0.773,0.703,0.594,0.879,0.039,0.836776671519829
0.574,0.805,0.84,0.109,0.645,0.348638005828789
0.91,0.637,0.883,0.125,0.406,0.291584217090207
0.934,0.914,0.602,0.938,0.629,6.91890760595945
0.238,0.387,0.062,0.184,0.34,9.78950202155961
0.625,0.742,1,0.887,0.512,3.82364489246581
0.203,0.246,0.129,0.145,0.938,5.02340828692089
0.938,0.781,0.965,0.953,0.645,8.1975520548433
0.086,0.055,0.32,0.078,0.504,10.2044331295538
0.84,0.762,0.84,0.707,0.914,7.81875201036143
0.004,0.27,0.309,0.32,0.145,12.2626802382988
0.465,0.531,0.809,0.652,0.426,1.0492850630505
0.945,0.23,0.457,0.43,0.184,2.37474794399871
0.402,0.684,0.758,0.949,0.133,2.34005208381503
0.645,0.211,0.211,0.402,0.648,1.99390300131701
0.438,0.492,0.98,0.637,0.719,1.82615304218912
0.766,0.207,0.043,0.473,0.812,0.346444758725443
0.352,0.777,0.672,0.66,0.602,0.264680828039676
0.566,0.266,0.047,0.148,0.109,9.5397054335888
0.012,0.527,0.773,0.578,0.176,7.96302875162123
0.508,0.652,0.121,0.328,0.332,5.66098116023736
0.906,0.242,0.609,0.629,0.477,1.69526848796082
0.242,0.723,0.156,0.098,0.691,5.78640239846129
0.805,0.02,0.855,0.809,0.773,4.84353336416008
0.027,0.797,0.109,0.168,0.926,5.1520271886087
0.742,0.043,0.949,0.984,0.484,3.07901328808765
0.219,0.895,0.172,0.355,0.297,7.56177226690888
0.484,0.504,0.734,0.742,0.254,2.28047265889964
0.621,0.832,0.293,0.055,0.41,4.37098971812138
0.215,0.254,0.484,0.961,0.301,4.63231510369245
0.672,0.551,0.289,0.457,0.555,1.05672786018783
0.523,0.422,0.566,0.805,0.98,4.17402703998934
0.75,0.773,0.23,0.379,0.848,2.23956005709076
0.156,0.43,0.797,0.738,0.641,1.69331426497828
0.688,0.594,0.41,0.059,0.121,6.58045917918245
0.422,0.141,0.637,0.898,0.219,3.61245372877077
0.141,0.027,0.582,0.426,0.141,10.0873974621089
0.613,0.965,0.164,0.75,0.379,0.83886371604579
0.211,0.176,0.816,0.09,0.551,6.37869625577997
0.852,0.949,0.215,0.59,0.543,2.02360675416763
0.047,0.309,0.945,0.453,0.469,5.6504590929759
0.969,0.848,0.234,0.844,0.562,4.50889646711405
0.129,0.312,0.793,0.324,0.191,8.75316725274373
0.754,0.863,0.496,0.734,0.113,1.10569227601746
0.699,0.352,0.625,0.352,0.105,4.78293315172687
0.496,0.645,0.223,0.688,0.168,4.81515460496543
0.656,0.188,0.695,0.418,0.801,1.35686219094005
0.418,0.977,0.523,0.977,0.793,3.87562413150486
0.707,0.047,0.832,0.035,0.715,1.04384350073678
0.07,0.672,0.25,0.48,0.898,3.02744814031127
0.461,0.125,0.746,0.469,0.047,6.93309835623675
0.262,0.883,0.52,0.633,0.043,6.59642172106726
0.074,0.871,0.719,0.105,0.266,8.58374444740927
1,0.285,0.344,0.492,0.008,3.40076571682883
0.168,0.82,0.676,0.398,0.629,3.05064441507922
0.984,0.164,0.012,0.891,0.633,2.85391155693447
0.281,0.922,0.852,0.309,0.984,1.62184525296853
0.723,0.109,0.023,0.535,0.68,1.22488482202089
0.227,0.91,0.887,0.207,0.117,7.23401781835635
0.727,0.344,0.441,1,0.344,0.662921478933399
0.609,0.555,0.93,0.152,0.137,4.74619891334472
0.336,0.398,0.379,0.715,0.066,7.10664767567634
0.801,0.66,0.574,0.082,0.996,3.3222283942223
0.039,0.32,0.402,0.797,1,0.934223119633248
0.992,0.707,0.824,0.129,0.742,4.07321032376781
0.34,0.102,0.387,0.594,0.871,1.22797190176719
0.91,0.676,0.551,0.074,0.262,2.46177440996976
0.18,0.371,0.086,0.613,0.406,7.18713699809143
0.137,0.332,0.18,0.992,0.035,8.50942867726577
0.574,0.641,0.906,0.012,0.09,6.15183090223675
0.398,0.012,0.082,0.938,0.637,2.24902945533253
0.891,0.539,0.941,0.141,0.676,2.62007190734653
0.348,0.414,0.105,0.73,0.852,0.759789944690095
0.52,0.805,0.723,0.254,0.688,0.0483883826785032
0.125,0.379,0.367,0.766,0.055,8.90377912102891
0.949,0.828,0.602,0.297,0.246,0.362408571437495
0.828,0.305,0.461,0.562,0.27,1.6616631344781
0.289,0.609,0.984,0.242,0.215,6.03872687313429
0.941,0.395,0.422,0.801,0.836,5.97574307800783
0.191,0.969,0.586,0.02,0.652,4.75060997073732
0.824,0.062,0.473,0.973,0.758,4.49331830991769
0.297,0.488,0.73,0.316,0.973,0.0600412311823071
0.855,0.547,0.133,0.969,0.305,0.666961011560563
0.363,0.633,0.547,0.23,0.539,4.08622894532951
0.453,0.918,0.336,0.867,0.43,0.613730521781253
0.777,0.418,0.641,0.301,0.023,4.88189253465626
0.121,0.59,0.039,0.785,0.664,3.95889870631336
0.594,0.113,0.805,0.164,0.598,2.29955006921932
0.445,0.617,0.188,0.875,0.465,1.70251015746635
0.816,0.477,0.969,0.004,0.559,0.0292196639229303
0.309,0.941,0.297,0.84,0.156,4.63811092051161
0.734,0.039,0.684,0.211,0.414,3.10404925611012
0.629,0.699,0.098,0.641,0.059,5.20903149218178
0.32,0.16,0.973,0.445,0.473,3.5100596120829
0.617,0.879,0.406,0.668,0.711,2.423180859816
0.152,0.133,0.762,0.391,0.75,3.68371566050395
0.902,0.809,0.43,0.719,0.723,5.28495989360443
0.512,0.262,0.727,0.117,0.797,1.38637960548748
0.527,0.93,0.066,0.539,0.48,2.37676149293815
0.395,0.441,0.875,0.344,0.238,5.16021949985274
0.414,0.094,0.617,0.551,0.273,5.39988913470123
0.676,0.852,0.348,0.137,0.18,5.23229269144186
0.102,0.098,0.996,0.82,0.77,0.684926638540741
0.812,1,0.488,0.277,0.949,4.72135892456896
0.164,0.074,0.645,0.906,0.766,1.06204976923354
0.977,0.703,0.246,0.238,0.789,2.79682441706311
0.285,0.465,0.738,0.781,0.391,2.68765169214155
0.695,0.711,0.332,0.496,0.172,3.50784383495737
0.934,0.363,0.66,0.559,0.012,2.16165080570069
0.02,0.914,0.301,0.176,0.387,9.0231141134447
0.57,0.426,0.605,0.664,0.605,0.531483997664413
0.254,0.562,0.074,0.512,0.672,4.21169630125638
0.551,0.516,0.922,0.773,0.617,2.54418105725295
0.207,0.766,0.508,0.188,0.805,3.09548791641998
0.895,0.199,0.531,0.711,0.082,1.93376715273864
0.043,0.664,0.438,0.484,0.078,10.0120124320134
0.23,0.625,0.91,0.727,0.422,2.12380345619565
0.922,0.402,0.465,0.383,0.316,1.1528482620226
0.117,0.984,0.648,0.754,0.566,1.68514451575214
0.965,0.281,0.102,0.043,0.902,0.894673502205965
0.082,0.855,0.629,0.828,0.961,1.59489122194636
0.73,0.066,0.445,0.066,0.418,4.7711363331161
0.359,0.75,0.848,0.93,0.508,1.09413737586951
0.59,0.434,0.008,0.477,0.223,6.07828920638668
0.633,0.844,0.742,0.879,0.16,0.0487973986460588
0.133,0.004,0.219,0.305,0.031,13.2939331883455
0.684,0.52,0.863,0.605,0.906,5.18362242798211
0.469,0.184,0.141,0.434,0.875,1.66406521897547
0.543,0.543,0.801,0.777,0.707,2.92946401935921
0.332,0.273,0.312,0.375,0.547,5.32648338393553
0.887,0.992,0.883,0.586,0.07,0.659619533595183
0.441,0.215,0.285,0.086,0.375,7.83996821070681
0.5,0.5,0.5,0.5,0.5,2.19340502752226
0.762,0.613,0.938,0.816,0.66,5.40269196651508
0.375,0.258,0,0.113,0.488,8.21045494751034
0.797,0.754,0.871,0.855,0.062,0.636598231876363
0.062,0.219,0.035,0.047,0.355,12.5843621098878
0.914,0.945,0.68,0.922,0.496,5.81762307450925
0.16,0.238,0.16,0.293,0.086,12.205562065406
0.996,0.73,0.691,0.68,0.855,7.87587018325431
0.535,0.469,0.191,0.348,0.574,3.33752499199403
0.055,0.77,0.543,0.57,0.816,2.01206211104582
0.598,0.316,0.242,0.051,0.867,2.0467579712295
0.355,0.789,0.789,0.598,0.352,2.39290705372752
0.562,0.508,0.02,0.363,0.281,6.21296309723365
0.234,0.793,0.957,0.527,0.188,4.73325481376997
0.648,0.223,0.328,0.34,0.398,4.12212922700485
0.434,0.734,0.953,0.852,0.891,5.15289537854427
0.988,0.473,0.227,0.422,0.824,3.57621869657671
0.492,0.348,0.879,0.672,0.668,1.27417110519283
0.094,0.758,0.391,0.371,0.523,6.08207854300535
0.758,0.277,0.844,0.902,0.309,1.39959234341676
0.195,0.98,0.145,0.191,0.227,9.23034341920461
0.973,0.203,0.891,0.832,0.074,0.765217133564175
0.258,0.957,0.051,0.016,0.516,7.46582334313218
0.781,0.105,0.828,0.645,0.703,3.17496221186435
0.516,0.496,0.266,0.258,0.746,2.10633739614489
0.379,0.168,0.707,0.945,0.59,0.0158203369231451
0.785,0.746,0.516,0.039,0.699,0.245505048647921
0.328,0.449,0.711,0.543,0.445,3.33008219485669
0.477,0.578,0.434,0.195,0.02,8.56083709503387
0.25,0.227,0.77,0.621,0.152,6.62637011213529
0.844,0.57,0.203,0.262,0.359,2.69349579006625
0.312,0.406,0.59,0.941,0.879,2.19364912413792
0.578,0.859,0.363,0.102,0.781,0.774356326273761
0.859,0.973,0.418,0.574,0.859,5.70058740706441
0.387,0.035,0.836,0.25,0.621,3.54794633899874
0.789,0.824,0.184,0.91,0.449,1.99188620073544
0.148,0.051,0.785,0.41,0.457,6.41041680921216
0.953,0.691,0.055,0.547,0.531,1.26364903793137
0.031,0.152,0.766,0.156,0.438,8.89570652215858
0.871,0.688,0.207,0.676,0.809,4.36635719769921
0.246,0.137,0.504,0.266,0.887,3.28111777902707
0.301,0.648,0.375,0.648,0.895,0.396123096682341
0.504,0.355,0.777,0.312,0.832,0.428344549920897
0.344,0.812,0.305,0.582,0.199,5.74367224598457
0.582,0.023,0.477,0.023,0.207,8.26243418654939
0.293,0.953,0.168,0.965,0.285,3.34296655430775
0.93,0.328,0.75,0.52,0.102,1.35936191473326
0.539,0.875,0.254,0.531,0.953,2.54628830119222
0.738,0.117,0.48,0.367,0.957,2.20961166602273
0.926,0.129,0.281,0.895,0.734,4.19693439236474
0,0.715,0.656,0.508,0.992,0.986044338215702
0.832,0.18,0.324,0.602,0.371,1.33616563996531
0.016,0.836,0.988,0.109,0.367,7.240721611979
0.719,0.078,0.148,0.691,0.016,6.00865530801306
0.277,0.891,0.977,0.465,0.32,3.16192523302364
0.773,0.09,0.113,0.793,0.883,2.84720776331183
0.273,0.656,0.559,0,0.656,5.04973153397793
0.391,0.445,0.07,0.848,0.863,0.359388858300189
0.664,0.602,0.621,0.285,0.934,2.71983762063181
0.199,0.34,0.426,0.918,0.004,7.70903844926683
0.961,0.68,0.598,0.203,0,3.45258693541128
0.008,0.293,0.176,0.871,0.258,8.46002037881233
0.66,0.898,0.613,0.406,0.129,3.15883815327734
0.09,0.324,0.449,0.926,0.738,1.92503564507477
0.82,0.629,0.914,0.387,0.594,2.8003269430469
0.863,0.668,0.82,0.008,0.965,4.12261862222124
0.426,0.359,0.094,0.988,0.91,1.76502084719222
0.602,0.988,0.918,0.062,0.363,2.137780599712
0.109,0.461,0.059,0.859,0.324,7.00688196239106
0.652,0.586,0.895,0.27,0.148,3.62702011035443
0.48,0.195,0.277,0.746,0.312,4.33842167236602
0.875,0.621,0.633,0.234,0.945,4.51696906598438
0.051,0.172,0.398,0.703,0.754,4.02440148360704
0.172,0.695,0.539,0.438,0.73,2.72514692056643
0.711,0.391,0.016,0.758,0.785,1.65191681808976
0.059,0.605,0.578,0.199,0.164,10.3625531330524
0.809,0.031,0.414,0.98,0.348,0.363799915692791
0.176,0.938,0.527,0.027,0.242,8.88012836496222
0.703,0.512,0.27,0.684,0.027,4.44685128622684
0.145,0.453,0.867,0.031,0.695,5.05377106660509
0.637,0.367,0.453,0.77,0.461,0.300581109715022
0.547,0.082,0.664,0.133,0.57,3.77307953326327
0.223,0.582,0.359,0.699,0.977,0.495082479611735
0.879,0.41,0.961,0.215,0.336,0.427911348731165
0.406,0.887,0.195,0.836,0.402,2.08725998582521
0.555,0.383,0.812,0.125,0.535,2.68429989757817
0.184,0.523,0.031,0.996,0.441,4.41602971896746
0.691,0.059,0.703,0.16,0.844,0.251300865467076
0.266,0.961,0.316,0.789,0.586,1.2827607989344
0.371,0.301,0.902,0.359,0.941,0.822221437137248
0.68,0.84,0.027,0.555,0.527,0.876750442961626
0.383,0.121,0.594,0.332,0.289,6.80999091486053
0.848,0.867,0.238,0.609,0.25,0.703094394540582
0.098,0.191,0.57,0.281,0.277,9.67176994864896
0.488,0.738,0.273,0.883,0.203,3.00043044955705
0.473,0.07,0.934,0.461,0.52,2.01004856210637
0.605,0.559,0.125,0.656,0.762,0.773409444808212
0.586,0.906,0.383,0.449,0.727,1.01307907965669
0.324,0.148,0.652,0.863,0.82,0.845482636397332
0.898,0.902,0.004,0.18,0.23,3.70188341650378
0.188,0,0.512,0.723,0.051,9.10816897961348
0.836,0.926,0.355,0.094,0.234,3.32476028581099
0.023,0.297,0.754,0.762,0.211,7.18363447210763
0.715,0.535,0.262,0.219,0.609,1.69915836290298
0.305,0.289,0.668,0.504,0.828,0.878966220087165
0.066,0.637,0.34,0.441,0.988,2.22515924934384
0.98,0.086,0.699,0.824,0.613,4.63630405840017
0.43,0.574,0.395,0.336,0.395,4.91829405270894
0.746,0.438,0.926,0.488,0.328,0.17511375378815
0.449,0.484,0.078,0.227,0.383,6.93099111229747
0.793,0.234,0.492,0.812,0.195,1.29132213862454
0.105,0.801,0.469,0.289,0.918,2.45304290230589
0.957,0.336,0.562,0.516,0.922,5.62520237696888
0.77,0.375,0.09,0.273,0.578,2.26300659884887
0.078,0.598,0.535,0.617,0.684,3.23396179302193
0.883,0.016,0.352,0.246,0.434,2.70166553929239
0.035,0.719,0.898,0.957,0.098,5.28148355725049
0.918,0.145,0.371,0.172,0.039,5.98170127699089
0.27,0.934,0.555,0.934,0.582,0.384326278071569
0.641,0.25,0.152,0.07,0.492,5.48094743091404
0.41,0.566,0.992,0.523,0.777,1.69147915134216
0.367,0.156,0.258,0.121,0.84,4.33801265639847
0.867,0.996,0.781,0.695,0.969,8.90712313330095
0.316,0.48,0.137,0.395,0.094,9.57043248302664
0.531,0.816,0.859,0.566,0.125,2.72274483606906
0.457,0.457,0.199,0.223,0.293,7.31627407440373
0.668,0.727,0.688,0.625,0.453,0.939673328891001
0.113,0.008,0.117,0.414,0.93,5.04642958863971
0.559,0.785,0.715,0.914,0.625,3.45315815566228
0.395,0.445,0.059,0.035,0.172,10.6204097614305
0.023,0.062,0.137,0.004,0.352,13.2523237482707
0.832,0.566,0.93,0.844,0.242,2.23403920816301
0.582,0.789,1,0.777,0.016,1.57823876935274
0.16,0.148,0.113,0.277,0.93,5.04829849744115
0.426,0.383,0.441,0.371,0.891,0.590031146683359
0.91,0.914,0.66,0.98,0.797,8.69264951917955
0.906,0.73,0.832,0.613,0.68,5.62381709735864
0.656,0.406,0.297,0.34,0.617,1.67730827905038
0.559,0.441,0.109,0.254,0.824,1.77844198008799
0.102,0.77,0.52,0.527,0.871,1.42530605089646
0.434,0.598,0.801,0.836,0.613,1.58693301793774
0.668,0.258,0.078,0.203,0.438,5.22010181307644
0.867,0.422,0.344,0.309,0.441,1.34056162544263
0.305,0.84,0.957,0.543,0.121,4.48439942518277
0.367,0.707,0.73,0.559,0.473,1.85721350082336
0.336,0.828,0.152,0.109,0.316,8.01691352419048
0.172,0.887,0.184,0.152,0.484,7.43162376368726
0.527,0.387,0.766,0.738,0.012,4.31576771037241
0.848,0.285,0.711,0.566,0.188,1.31307924328123
0.297,0.918,0.09,0.41,0.785,2.35512441672348
0.273,0.418,0.242,0.246,0.727,4.83345314360895
0.984,0.102,0.879,0.855,0.457,4.1576672152648
0.68,0,0.973,0.938,0.805,5.14872626145207
0.766,0.766,0.32,0.469,0.801,2.79678279987494
0.512,0.516,0.395,0.129,0.434,5.18049970981458
0.422,0.129,0.754,0.922,0.707,1.37257838915242
0.242,0.305,0.562,0.91,0.793,0.222946297574136
0.805,0.535,0.527,0.074,0.262,3.87993133094516
0.387,0.891,0.332,0.051,0.465,5.68618365570256
0.184,0.152,0.75,0.637,0.355,5.56132760890797
0.066,0.426,0.914,0.801,0.137,6.28785944664618
0.18,0.188,0.699,0.016,0.152,11.1214652755198
0.227,0.055,0.953,0.43,0.047,8.66656976969438
0.844,0.992,0.355,0.547,0.246,0.349387942987519
0.746,0.988,0.273,0.766,0.043,2.13198970981455
0.059,0.195,0.719,0.238,0.723,5.64061363104289
0.148,0.242,0.715,0.438,0.762,3.21971996631469
0.859,0.684,0.031,0.523,0.961,4.08059683745047
0.965,0.781,0.312,0.906,0.672,5.94318511475574
0.637,0.363,0.707,0.395,0.496,1.1963766069595
0.711,0.039,0.543,0.012,0.551,3.7470511456538
0.312,0.734,0.465,0.551,0.77,0.626128332792618
0.535,0.691,0.352,0.621,0.906,2.47128638077676
0.469,0.004,0.695,0.48,0.305,4.97539005401682
0.609,0.352,0.629,0.422,0.371,2.75349247564755
0.207,0.934,0.191,0.93,0.426,2.99995055444122
0.098,0.621,0.266,0.512,0.539,5.93377593566203
0.078,0.879,0.59,0.359,0.297,7.26642034615509
0.047,0.816,0.992,0.25,0.148,8.17909914971846
0.914,0.277,0.203,0.934,0.133,1.04089086317492
1,0.297,0.414,0.586,0.375,0.775847278124047
0.176,0.797,0.875,0.219,0.711,2.57613138602958
0.125,0.82,0.516,0.188,0.973,2.12668236300429
0.629,0.043,0.074,0.652,0.945,1.02856994778367
0.555,0.051,0.133,0.703,0.98,1.22186309725211
0.723,0.91,0.625,0.055,0.977,3.16856052515842
0.996,0.605,0.531,0.137,0.719,2.55916016177153
0.438,0.523,0.062,0.82,0.992,1.97505285863187
0.301,0.527,0.387,0.695,0.633,1.99928210733955
0.883,0.492,0.637,0.117,0.102,4.08722332676789
0.645,0.746,0.945,0.418,0,3.55545547950373
0.008,0.289,0.172,0.941,0.422,6.59111707965999
0.34,0.246,0.461,0.727,0.402,4.0512683489172
0.453,0.07,0.004,0.859,0.113,7.11192417763609
0.223,0.168,0.012,0.824,0.074,9.43558770263307
0.98,0.668,0.777,0.027,0.391,0.0984780247141366
0.672,0.488,0.902,0,0.602,1.11918869079219
0.23,0.262,0.262,0.73,0.59,4.02166623866849
0.012,0.074,0.449,0.676,0.855,3.68653415544168
0.715,0.504,0.895,0.281,0.922,3.81492674351479
0.523,0.664,0.773,0.266,0.656,0.43864393669844
0.918,0.461,0.418,0.773,0.965,6.94538959588942
0.895,0.016,0.367,0.789,0.641,2.47850053658695
0.266,0.66,0.691,0.383,0.895,0.218968445113557
0.383,0.633,0.949,0.121,0.883,0.11282218128515
0.93,0.457,0.188,0.953,0.082,0.816878383572053
0.641,0.344,0.426,0.656,0.156,3.86035266932817
0.191,0.855,0.641,0.105,0.164,8.7995189543694
0.258,0.469,0.672,0.285,0.406,5.89504076528915
0.043,0.699,0.102,0.832,0.258,7.54312593079584
0.461,0.773,0.094,0.918,0.324,2.52262381988491
0.652,0.125,0.547,0.098,0.414,4.7760966700407
0.797,0.215,0.508,0.207,0.309,3.70191259134179
0.414,0.809,0.258,0.898,0.938,3.24085753020439
0.215,0.824,0.207,0.785,0.605,2.37722262309161
0.543,0.371,0.805,0.16,0.488,3.07655353466361
0.812,0.398,0.836,0.023,0.859,2.11151144463332
0.719,0.953,0.512,0.758,0.52,2.72486639605577
0.938,0.676,0.066,0.484,0.621,1.58431025806775
0.352,0.328,0.961,0.328,0.766,0.821297964151295
0.27,0.238,0.844,0.375,0.523,4.18366289345361
0.52,0.859,0.129,0.602,0.34,3.30412232623689
0.508,0.57,0.02,0.609,0.125,6.5270772327506
0.164,0.117,0.609,0.293,0.27,9.1279864273285
0.398,0.207,0.746,0.086,0.332,6.8943082855741
0.074,0.133,0.883,0.699,0.266,6.54870199008063
0.43,0.027,0.566,0.742,0.301,4.27518592723976
0.621,0.902,0.316,0.336,0.168,4.67132305437746
0.75,0.836,0.324,0.113,0.16,5.02278063496882
0.262,0.281,0.617,0.816,0.82,0.248095550521114
0.375,0.41,0.762,0.574,0.75,0.130165593556082
0.754,0.922,0.406,0.125,0.637,0.0361425420605563
0.949,0.641,0.219,0.289,0.789,2.56845568053217
0.551,0.449,0.723,0.648,0.934,3.76887033650899
0.945,0.438,0.918,0.461,0.902,6.64365507074941
0.031,0.801,0.445,0.445,0.508,6.03528059490754
0.145,0.98,0.23,0.172,0.941,2.97606240501711
0.887,0.023,0.602,0.68,0.336,0.0868713650853614
0.863,0.453,0.523,0.535,0.191,1.5830576283769
0.402,0.52,0.176,0.23,0.086,9.5666520445795
0.238,0.727,0.496,0.133,0.09,9.78668025763731
0.027,0.941,0.578,0.684,0.219,6.43396422319335
0.121,0.645,0.852,0.992,0.453,1.4560224632289
0.781,0.375,0.016,0.312,0.004,7.4375771464621
0.961,0.348,0.336,0.492,0.469,0.581814567306214
0.211,0.586,0.789,0.957,0.746,1.41430210178415
0.406,0.688,0.855,0.598,0.969,3.64840464999326
0.871,0.137,0.348,0.148,0.652,1.07806472627355
0.691,0.031,0.379,0.195,0.949,0.105452931670118
0.504,0.68,0.977,0.668,0.715,3.06281130550792
0.684,0.844,0.598,0.594,0.582,2.05584992672333
0.324,0.223,0.18,0.031,0.43,9.08320659986918
0.109,0.035,0.141,0.367,0.777,6.58006270302625
0.801,0.906,0.965,0.645,0.227,1.73103866084786
0.516,0.895,0.57,0.961,0.445,1.45341162199436
0.41,0.391,0.215,0.191,0.312,7.86969227663358
0.293,0.25,0.16,0.496,0.184,8.91633183062403
0.5,0.5,0.5,0.5,0.5,2.19340502752226
0.605,0.555,0.941,0.965,0.828,6.233599706386
0.977,0.938,0.863,0.996,0.648,8.8655136932262
0.168,0.434,0.07,0.156,0.758,6.62084926320755
0.418,0.211,0,0.223,0.984,2.80857128569179
0.84,0.852,0.887,0.723,0.07,0.661488442396628
0.574,0.617,0.559,0.629,0.109,3.79677890836117
0.09,0.086,0.34,0.02,0.203,13.0794595742241
0.094,0.27,0.168,0.387,0.32,10.0106271524032
0.344,0.594,0.703,0.66,0.383,2.70950177599415
0.441,0.559,0.891,0.746,0.176,2.60836807495654
0.898,0.23,0.48,0.473,0.129,2.96150400414807
0.566,0.402,0.199,0.164,0.387,5.97374307298227
0.332,0.742,0.922,0.797,0.562,0.833291758031908
0.133,0.578,0.656,0.691,0.559,3.0462484296019
0.695,0.16,0.043,0.457,0.879,0.0975893701382411
0.633,0.293,0.27,0.441,0.527,2.52959655422116
0.664,0.172,0.848,0.891,0.684,3.63010346914595
0.828,0.113,0.816,0.848,0.516,3.04481370864273
0.473,0.613,0.234,0.262,0.988,0.0710423446721187
0.152,0.715,0.289,0.434,0.812,3.0737308117633
0.703,0.082,0.91,0.59,0.215,2.03168563832105
0.727,0.582,0.758,0.754,0.273,0.446643088564418
0.016,0.898,0.121,0.145,0.543,8.54447727030933
0.32,1,0.027,0.062,0.195,9.5355363164966
0.234,0.234,0.68,0.531,0.199,7.18359285491947
0.488,0.484,0.605,0.871,0.566,0.793689654770048
0.578,0.871,0.246,0.078,0.293,5.75938844419695
0.758,0.695,0.438,0.09,0.207,4.60975635261866
0.195,0.465,0.473,0.926,0.738,0.506878724099369
0.613,0.109,0.668,0.949,0.535,1.29937360065803
0.816,0.848,0.25,0.363,0.645,1.17451755386344
0.934,0.574,0.086,0.199,0.863,1.90104939160165
0.82,0.812,0.301,0.984,0.848,6.73465522047523
0.773,0.945,0.047,0.57,0.953,4.27975971464985
0.156,0.008,0.645,0.453,0.754,4.03742211205701
0.254,0.012,0.727,0.234,0.957,2.25482034522998
0.941,0.805,0.281,0.762,0.277,1.25380357599836
0.852,0.758,0.285,0.562,0.238,1.16709008872984
0.141,0.316,0.969,0.477,0.039,8.467406892495
0.035,0.219,0.688,0.094,0.328,10.3299951698003
0.363,0.637,0.293,0.605,0.504,3.19043344808503
0.289,0.961,0.457,0.988,0.449,0.639758909390729
0.688,0.266,0.535,0.449,0.23,3.76068172225191
0.465,0.309,0.648,0.379,0.094,6.85809643582129
0.531,0.996,0.305,0.52,0.695,0.588579998972289
0.391,0.648,0.371,0.578,0.629,1.63331757939698
0.793,0.066,0.809,0.07,0.574,1.38685950060331
0.902,0.379,0.734,0.488,0.461,1.5469658806175
0.922,0.121,0.41,0.641,0.703,2.87961029111056
0.953,0.184,0.008,0.75,0.852,3.79228909467393
0.086,0.723,0.797,0.066,0.867,3.3459191918696
0,0.703,0.586,0.414,0.625,5.16265733316857
0.824,0.203,0.125,0.781,0.289,1.81067866901495
0.875,0.18,0.484,0.812,0.027,2.26012769204024
0.371,0.957,0.926,0.348,0.055,5.4153800028282
0.445,0.949,0.867,0.297,0.02,5.60867315229664
0.277,0.09,0.375,0.945,0.023,7.55537058020295
0.004,0.395,0.469,0.863,0.281,6.94597021681606
0.562,0.477,0.938,0.18,0.008,6.3618629136764
0.699,0.473,0.613,0.305,0.367,2.38752794770498
0.117,0.508,0.363,0.883,0.898,0.29958672827664
0.355,0.254,0.055,0.582,1,0.831354575540804
0.992,0.711,0.828,0.059,0.578,2.20430702461546
0.66,0.754,0.539,0.273,0.598,0.335541706127326
0.547,0.93,0.996,0.141,0.887,2.72511412259157
0.777,0.832,0.988,0.176,0.926,5.04877764758854
0.02,0.332,0.223,0.973,0.609,4.28833203033039
0.328,0.512,0.098,1,0.398,3.26762136425234
0.77,0.738,0.738,0.27,0.41,0.365143816376033
0.988,0.926,0.551,0.324,0.145,0.700275899602843
0.285,0.496,0.105,0.719,0.078,8.20173679855932
0.477,0.336,0.227,0.734,0.344,3.94816611834609
0.082,0.539,0.582,0.227,0.035,11.3321996509339
0.105,0.984,0.633,0.211,0.359,6.86531059163148
0.734,0.34,0.309,0.617,0.105,4.16784160993097
0.617,0.367,0.051,0.879,0.117,4.49963223632968
0.07,0.543,0.812,0.047,0.918,3.56993167147247
0.359,0.656,0.574,0.344,0.844,0.526457385716355
0.809,0.145,0.359,0.895,0.836,4.41270889932487
0.742,0.531,0.328,0.715,0.594,1.50823071024462
0.957,0.301,0.898,0.168,0.742,3.15631587575131
0.539,0.227,0.906,0.082,0.676,1.86418623515961
0.348,0.875,0.453,0.902,0.586,0.38928661499617
0.203,0.785,0.492,0.793,0.691,0.684897463702736
0.586,0.191,0.742,0.102,0.062,7.62766758524892
0.785,0.176,0.793,0.215,0.395,2.00958743195292
0.457,0.629,0.195,0.84,0.512,1.31025652038092
0.188,0.602,0.164,0.977,0.141,6.49832149967784
0.281,0.047,0.488,0.242,0.48,7.11167645110029
0.062,0.324,0.934,0.516,0.379,5.97112031311227
0.648,0.672,0.039,0.672,0.234,3.56551209089323
0.73,0.762,0.156,0.625,0.477,0.203147161590916
0.48,0.141,0.871,0.398,0.66,1.08268772880763
0.492,0.43,0.98,0.391,0.875,2.14026717770607
0.836,0.883,0.391,0.707,0.73,4.74117637228398
0.602,0.793,0.254,0.914,0.668,2.50749823052958
0.926,0.867,0.117,0.301,0.734,2.1618919350361
0.57,0.973,0.434,0.258,0.699,0.11162412780477
0.379,0.098,0.684,0.664,0.832,0.284512999332929
0.25,0.164,0.676,0.887,0.84,0.635970579924294
0.738,0.719,0.383,0.184,0.18,4.63490560556564
0.625,0.59,0.238,0.426,0.25,4.51697564860061
0.246,0.078,0.594,0.875,0.363,4.35066751298397
0.051,0.359,0.781,0.711,0.211,6.9552657355767
0.449,0.551,0.277,0.352,0.066,8.15568039155351
0.055,0.562,0.082,0.539,0.098,11.0304651257939
0.969,0.199,0.555,0.555,0.492,1.64847053986301
0.855,0.02,0.77,0.828,0.059,1.41074765002742
0.113,0.977,0.398,0.32,0.664,4.29993868995917
0.137,0.547,0.477,0.465,0.809,2.80375242666763
0.598,0.48,0.824,0.77,0.914,5.17984198953497
0.762,0.273,0.504,0.867,0.91,5.39987020259278
0.973,0.059,0.422,0.316,0.781,2.04715416814883
0.879,0.355,0.148,0.008,0.547,2.93078759181563
0.219,0.625,0.984,0.688,0.996,3.05076709141757
0.039,0.652,0.664,0.508,0.531,4.96862462235075
0.789,0.414,0.211,0.043,0.254,5.80111215682868
0.594,0.312,0.145,0.402,0.031,8.03521470503779
0.129,0.863,0.652,0.852,0.348,3.30874532877097
0.309,0.969,0.621,0.805,0.051,4.49226298671465
0.496,0.32,0.023,0.332,0.285,7.44962136055245
0.316,0.156,0.402,0.406,0.418,6.44265998176786
0.676,0.777,0.82,0.969,0.57,4.69639654482465
0.891,0.965,0.859,0.633,0.223,2.19325264798172
0.199,0.094,0.035,0.355,0.773,6.11784871589239
0.484,0.105,0.43,0.039,0.555,5.84022167703889
0.59,0.609,0.785,0.809,0.688,3.48288222158905
0.707,0.75,0.84,0.504,0.816,4.5295217755795
